"vorname","nachname","email","alter","geburtsort","taetigkeit"
"Max","Mustermann","max.mustermann@example.com","38","Berlin","Student"
"Anna","Schmidt","anna.schmidt@example.com","28","Hamburg","Softwareentwickler"
"Michael","Müller","michael.mueller@example.com","48","München","Lehrer"
"Sarah","Schneider","sarah.schneider@example.com","53","Frankfurt","Ärztin"
"Thomas","Fischer","thomas.fischer@example.com","53","Köln","Ingenieur"
"Laura","Weber","laura.weber@example.com","51","Dresden","Designer"
"Daniel","Wagner","daniel.wagner@example.com","39","Stuttgart","Verkäufer"
"Julia","Becker","julia.becker@example.com","34","Hannover","Anwalt"
"Christian","Schulz","christian.schulz@example.com","53","Düsseldorf","Architekt"
"Lisa","Hofmann","lisa.hofmann@example.com","36","Leipzig","Journalist"
"Kevin","Klein","kevin.klein@example.com","49","Dortmund","Künstler"
"Maria","Hartmann","maria.hartmann@example.com","38","Nürnberg","Buchhalter"
"Jan","Schmitt","jan.schmitt@example.com","35","Essen","Unternehmer"
"Marcel","Schreiber","marcel.schreiber@example.com","44","Bad Hersfeld","Dozent"
"Laura","Bayer","laura.bayer@example.com","22","Mettmann","Grafikerin"
"Christian","Wolff","christian.wolff@example.com","43","Neustadt am Rübenberge","Informatiker"
"Nadine","Lange","nadine.lange@example.com","33","Starnberg","Webdesignerin"
"Sebastian","Schneider","sebastian.schneider@example.com","35","Bramsche","Unternehmensberater"
"Melanie","Müller","melanie.mueller@example.com","20","Radebeul","HR Managerin"
"Jan","Kühn","jan.kuehn@example.com","29","Helmstedt","Physiker"
"Julia","Winkler","julia.winkler@example.com","19","Kornwestheim","Managerin"
"Andreas","Mayer","andreas.mayer@example.com","57","Kreuztal","Fotograf"
"Vanessa","Schulz","vanessa.schulz@example.com","25","Georgsmarienhütte","Sozialarbeiterin"
"Marcel","Wagner","marcel.wagner@example.com","32","Lohne","Apotheker"
"Laura","Krause","laura.krause@example.com","50","Neunkirchen","Dozentin"
"Christian","Richter","christian.richter@example.com","25","Rösrath","Grafiker"
"Nadine","Schulz","nadine.schulz@example.com","53","Werne","Informatikerin"
"Sebastian","Franke","sebastian.franke@example.com","18","Lemgo","Webdesigner"
"Melanie","Becker","melanie.becker@example.com","45","Heidenheim an der Brenz","Unternehmensberaterin"
"Jan","Möller","jan.moeller@example.com","54","Lübbecke","HR Manager"
"Julia","Schumacher","julia.schumacher@example.com","26","Coesfeld","Physiotherapeutin"
"Andreas","Hartmann","andreas.hartmann@example.com","58","Seevetal","Manager"
"Vanessa","Lehmann","vanessa.lehmann@example.com","56","Steinfurt","Fotografin"
"Marcel","Schuster","marcel.schuster@example.com","34","Pirmasens","Sozialarbeiter"
"Laura","Kaiser","laura.kaiser@example.com","54","Sankt Augustin","Apothekerin"
"Christian","Wagner","christian.wagner@example.com","54","Altenburg","Dozent"
"Nadine","Bayer","nadine.bayer@example.com","28","Gummersbach","Grafikerin"
"Sebastian","Koch","sebastian.koch@example.com","52","Buxtehude","Informatiker"
"Melanie","Schuster","melanie.schuster@example.com","29","Osterholz-Scharmbeck","Webdesignerin"
"Jan","Krause","jan.krause@example.com","55","Seesen","Unternehmensberater"
"Julia","Schmidt","julia.schmidt@example.com","52","St. Wendel","HR Managerin"
"Andreas","Lange","andreas.lange@example.com","40","Celle","Physiotherapeut"
"Vanessa","Werner","vanessa.werner@example.com","28","Wetzlar","Managerin"
"Marcel","Scholz","marcel.scholz@example.com","46","Zweibrücken","Fotograf"
"Laura","Pohl","laura.pohl@example.com","24","Hemer","Sozialarbeiterin"
"Christian","Beck","christian.beck@example.com","54","Heinsberg","Apotheker"
"Nadine","Bergmann","nadine.bergmann@example.com","37","Ganderkesee","Dozentin"
"Sebastian","Franz","sebastian.franz@example.com","35","Lennestadt","Grafiker"
"Melanie","Lutz","melanie.lutz@example.com","18","Neustadt in Holstein","Informatikerin"
"Jan","Schreiber","jan.schreiber@example.com","31","Herdecke","Webdesigner"
"Julia","Fuchs","julia.fuchs@example.com","56","Aalen","Unternehmensberaterin"
"Andreas","Schwarz","andreas.schwarz@example.com","49","Roth","HR Manager"
"Vanessa","Huber","vanessa.huber@example.com","41","Hockenheim","Physiotherapeutin"
"Marcel","Lorenz","marcel.lorenz@example.com","60","Haßloch","Manager"
"Laura","Schreiber","laura.schreiber@example.com","47","Pfaffenhofen an der Ilm","Fotografin"
"Christian","König","christian.koenig@example.com","31","Weil am Rhein","Informatiker"
"Nadine","Koch","nadine.koch@example.com","41","Radevormwald","Webdesignerin"
"Sebastian","Schmitt","sebastian.schmitt@example.com","36","Bad Salzungen","Unternehmensberater"
"Melanie","Richter","melanie.richter@example.com","31","Salzwedel","HR Managerin"
"Jan","Schuster","jan.schuster@example.com","36","Niesky","Physiotherapeut"
"Julia","Mayer","julia.mayer@example.com","50","Marktoberdorf","Managerin"
"Andreas","Lehmann","andreas.lehmann@example.com","56","Miesbach","Fotograf"
"Vanessa","Becker","vanessa.becker@example.com","33","Weilheim in Oberbayern","Sozialarbeiterin"
"Marcel","Krause","marcel.krause@example.com","18","Baunatal","Apotheker"
"Laura","Herrmann","laura.herrmann@example.com","25","Hennigsdorf","Dozentin"
"Christian","Fischer","christian.fischer@example.com","29","Vechta","Grafiker"
"Nadine","Hartmann","nadine.hartmann@example.com","55","Bad Dürkheim","Informatikerin"
"Sebastian","Kuhn","sebastian.kuhn@example.com","60","Wangen im Allgäu","Webdesigner"
"Melanie","Pohl","melanie.pohl@example.com","24","Geislingen an der Steige","Unternehmensberaterin"
"Jan","Wolff","jan.wolff@example.com","46","Bad Neustadt an der Saale","HR Manager"
"Julia","Schuster","julia.schuster@example.com","45","Bühl","Physiotherapeutin"
"Max","Müller","max.mueller1@example.com","25","Berlin","Student"
"Anna","Schulz","anna.schulz2@example.com","60","Hamburg","Softwareentwickler"
"Michael","Schneider","michael.schneider3@example.com","41","München","Lehrer"
"Sarah","Fischer","sarah.fischer4@example.com","39","Frankfurt","Ärztin"
"David","Weber","david.weber5@example.com","30","Berlin","Student"
"Laura","Wagner","laura.wagner6@example.com","52","Hamburg","Softwareentwickler"
"Andreas","Schmidt","andreas.schmidt7@example.com","30","München","Lehrer"
"Julia","Becker","julia.becker8@example.com","22","Frankfurt","Ärztin"
"Felix","Hoffmann","felix.hoffmann9@example.com","47","Berlin","Student"
"Sophie","Koch","sophie.koch10@example.com","32","Hamburg","Softwareentwickler"
"Jonas","Schäfer","jonas.schaefer11@example.com","52","München","Lehrer"
"Lea","Herrmann","lea.herrmann12@example.com","53","Frankfurt","Ärztin"
"Maximilian","Kaiser","maximilian.kaiser13@example.com","21","Berlin","Student"
"Hannah","Schmitt","hannah.schmitt14@example.com","48","Hamburg","Softwareentwickler"
"Tom","Fuchs","tom.fuchs15@example.com","32","München","Lehrer"
"Julia","Krause","julia.krause16@example.com","38","Frankfurt","Ärztin"
"Ben","Bauer","ben.bauer17@example.com","22","Berlin","Student"
"Emma","Hofmann","emma.hofmann18@example.com","48","Hamburg","Softwareentwickler"
"Paul","Schröder","paul.schroeder19@example.com","58","München","Lehrer"
"Lena","Meier","lena.meier20@example.com","51","Frankfurt","Ärztin"
"Tim","Lehmann","tim.lehmann21@example.com","35","Berlin","Student"
"Lisa","Köhler","lisa.koehler22@example.com","55","Hamburg","Softwareentwickler"
"Nico","Werner","nico.werner23@example.com","23","München","Lehrer"
"Jana","Schubert","jana.schubert24@example.com","54","Frankfurt","Ärztin"
"Philipp","Neumann","philipp.neumann25@example.com","48","Berlin","Student"
"Laura","Schwarz","laura.schwarz26@example.com","43","Hamburg","Softwareentwickler"
"Christian","Zimmermann","christian.zimmermann27@example.com","40","München","Lehrer"
"Mia","Krüger","mia.krueger28@example.com","44","Frankfurt","Ärztin"
"Moritz","Herr","moritz.herr29@example.com","37","Berlin","Student"
"Sophia","Lange","sophia.lange30@example.com","21","Hamburg","Softwareentwickler"
"Dominik","Götz","dominik.goetz31@example.com","57","München","Lehrer"
"Vanessa","Voigt","vanessa.voigt32@example.com","49","Frankfurt","Ärztin"
"Julian","Schmitt","julian.schmitt33@example.com","39","Berlin","Student"
"Lara","Berger","lara.berger34@example.com","56","Hamburg","Softwareentwickler"
"Tobias","Haas","tobias.haas35@example.com","49","München","Lehrer"
"Sara","Kraft","sara.kraft36@example.com","44","Frankfurt","Ärztin"
"Kevin","Walter","kevin.walter37@example.com","34","Berlin","Student"
"Melanie","Bach","melanie.bach38@example.com","40","Hamburg","Softwareentwickler"
"Jan","Richter","jan.richter39@example.com","38","München","Lehrer"
"Carina","Kaiser","carina.kaiser40@example.com","33","Frankfurt","Ärztin"
"Daniel","Bergmann","daniel.bergmann41@example.com","56","Berlin","Student"
"Carolin","Böhm","carolin.boehm42@example.com","31","Hamburg","Softwareentwickler"
"Sebastian","Schröder","sebastian.schroeder43@example.com","36","München","Lehrer"
"Laura","Winter","laura.winter44@example.com","27","Frankfurt","Ärztin"
"Christopher","Mayer","christopher.mayer45@example.com","46","Berlin","Student"
"Maria","Berg","maria.berg46@example.com","48","Hamburg","Softwareentwickler"
"Markus","Wenzel","markus.wenzel47@example.com","55","München","Lehrer"
"Katharina","Sommer","katharina.sommer48@example.com","18","Frankfurt","Ärztin"
"Marcel","Lang","marcel.lang49@example.com","33","Berlin","Student"
"Jenny","Jung","jenny.jung50@example.com","40","Hamburg","Softwareentwickler"
"Patrick","Hartmann","patrick.hartmann51@example.com","43","München","Lehrer"
"Laura","Schubert","laura.schubert52@example.com","32","Frankfurt","Ärztin"
"Michael","Simon","michael.simon53@example.com","35","Berlin","Student"
"Sophie","Berndt","sophie.berndt54@example.com","34","Hamburg","Softwareentwickler"
"Alexander","Schuster","alexander.schuster55@example.com","42","München","Lehrer"
"Laura","Kraus","laura.kraus56@example.com","57","Frankfurt","Ärztin"
"Philipp","Schmidt","philipp.schmidt57@example.com","32","Berlin","Student"
"Mia","Martin","mia.martin58@example.com","33","Hamburg","Softwareentwickler"
"Simon","Beck","simon.beck59@example.com","41","München","Lehrer"
"Julia","Kühn","julia.kuehn60@example.com","25","Frankfurt","Ärztin"
"Christian","Schwarz","christian.schwarz61@example.com","35","Berlin","Student"
"Lisa","Schneider","lisa.schneider62@example.com","38","Hamburg","Softwareentwickler"
"Kevin","Meyer","kevin.meyer63@example.com","20","München","Lehrer"
"Laura","Hofmann","laura.hofmann64@example.com","50","Frankfurt","Ärztin"
"Jonas","Lehmann","jonas.lehmann65@example.com","29","Berlin","Student"
"Anna","Wagner","anna.wagner66@example.com","60","Hamburg","Softwareentwickler"
"Maximilian","Becker","maximilian.becker67@example.com","18","München","Lehrer"
"Lena","Schäfer","lena.schaefer68@example.com","51","Frankfurt","Ärztin"
"Paul","Koch","paul.koch69@example.com","20","Berlin","Student"
"Sophie","Schulz","sophie.schulz70@example.com","45","Hamburg","Softwareentwickler"
"Jonas","Bauer","jonas.bauer71@example.com","31","München","Lehrer"
"Julia","Hartmann","julia.hartmann72@example.com","34","Frankfurt","Ärztin"
"David","Schmidt","david.schmidt73@example.com","54","Berlin","Student"
"Laura","Fischer","laura.fischer74@example.com","49","Hamburg","Softwareentwickler"
"Tim","Müller","tim.mueller75@example.com","39","München","Lehrer"
"Lena","Weber","lena.weber76@example.com","31","Frankfurt","Ärztin"
"Simon","Schneider","simon.schneider77@example.com","52","Berlin","Student"
"Marie","Wagner","marie.wagner78@example.com","41","Hamburg","Softwareentwickler"
"Nico","Schuster","nico.schuster79@example.com","24","München","Lehrer"
"Laura","Beck","laura.beck80@example.com","21","Frankfurt","Ärztin"
"Julian","Kühn","julian.kuehn81@example.com","18","Berlin","Student"
"Laura","Schwarz","laura.schwarz82@example.com","50","Hamburg","Softwareentwickler"
"Philipp","Mayer","philipp.mayer83@example.com","24","München","Lehrer"
"Anna","Lang","anna.lang84@example.com","51","Frankfurt","Ärztin"
"Max","Wolf","max.wolf85@example.com","24","Berlin","Student"
"Lena","Zimmermann","lena.zimmermann86@example.com","32","Hamburg","Softwareentwickler"
"Tom","Fuchs","tom.fuchs87@example.com","28","München","Lehrer"
"Lisa","Krause","lisa.krause88@example.com","35","Frankfurt","Ärztin"
"Paul","Schneider","paul.schneider89@example.com","50","Berlin","Student"
"Sophie","Wagner","sophie.wagner90@example.com","59","Hamburg","Softwareentwickler"
"Maximilian","Becker","maximilian.becker91@example.com","34","München","Lehrer"
"Laura","Hofmann","laura.hofmann92@example.com","45","Frankfurt","Ärztin"
"Marie","Wagner","marie.wagner93@example.com","22","Berlin","Student"
"Nico","Schuster","nico.schuster94@example.com","50","Hamburg","Softwareentwickler"
"Laura","Beck","laura.beck95@example.com","32","München","Lehrer"
"Julian","Kühn","julian.kuehn96@example.com","30","Frankfurt","Ärztin"
"Laura","Schwarz","laura.schwarz97@example.com","23","Berlin","Student"
"Philipp","Mayer","philipp.mayer98@example.com","23","Hamburg","Softwareentwickler"
"Anna","Lang","anna.lang99@example.com","20","München","Lehrer"
"Paul","Winkler","paul.winkler260@example.com","27","Berlin","Student"
"Laura","Meyer","laura.meyer261@example.com","33","Hamburg","Softwareentwickler"
"Maximilian","Schulz","maximilian.schulz262@example.com","39","München","Lehrer"
"Sophie","Schneider","sophie.schneider263@example.com","60","Frankfurt","Ärztin"
"Jonas","Becker","jonas.becker264@example.com","24","Berlin","Student"
"Laura","Hoffmann","laura.hoffmann265@example.com","32","Hamburg","Softwareentwickler"
"Marie","Fischer","marie.fischer266@example.com","23","München","Lehrer"
"Alexander","Müller","alexander.mueller267@example.com","19","Frankfurt","Ärztin"
"Lena","Schmidt","lena.schmidt268@example.com","22","Berlin","Student"
"Max","Wagner","max.wagner269@example.com","46","Hamburg","Softwareentwickler"
"Sophia","Schulz","sophia.schulz270@example.com","52","München","Lehrer"
"Paul","Becker","paul.becker271@example.com","20","Frankfurt","Ärztin"
"Laura","Hofmann","laura.hofmann272@example.com","23","Berlin","Student"
"Jonas","Winkler","jonas.winkler273@example.com","47","Hamburg","Softwareentwickler"
"Sophie","Meyer","sophie.meyer274@example.com","56","München","Lehrer"
"Maximilian","Schulz","maximilian.schulz275@example.com","40","Frankfurt","Ärztin"
"Laura","Schneider","laura.schneider276@example.com","45","Berlin","Student"
"Jonas","Becker","jonas.becker277@example.com","41","Hamburg","Softwareentwickler"
"Sophie","Hoffmann","sophie.hoffmann278@example.com","34","München","Lehrer"
"Max","Fischer","max.fischer279@example.com","31","Frankfurt","Ärztin"
"Laura","Müller","laura.mueller280@example.com","54","Berlin","Student"
"Jonas","Schulz","jonas.schulz281@example.com","24","Hamburg","Softwareentwickler"
"Sophie","Schneider","sophie.schneider282@example.com","25","München","Lehrer"
"Maximilian","Becker","maximilian.becker283@example.com","34","Frankfurt","Ärztin"
"Laura","Hoffmann","laura.hoffmann284@example.com","20","Berlin","Student"
"Jonas","Winkler","jonas.winkler285@example.com","60","Hamburg","Softwareentwickler"
"Sophie","Meyer","sophie.meyer286@example.com","59","München","Lehrer"
"Maximilian","Schulz","maximilian.schulz287@example.com","50","Frankfurt","Ärztin"
"Laura","Schneider","laura.schneider288@example.com","39","Berlin","Student"
"Jonas","Becker","jonas.becker289@example.com","43","Hamburg","Softwareentwickler"
"Sophie","Hoffmann","sophie.hoffmann290@example.com","52","München","Lehrer"
"Max","Fischer","max.fischer291@example.com","46","Frankfurt","Ärztin"
"Laura","Müller","laura.mueller292@example.com","59","Berlin","Student"
"Jonas","Schulz","jonas.schulz293@example.com","50","Hamburg","Softwareentwickler"
"Sophie","Schneider","sophie.schneider294@example.com","46","München","Lehrer"
"Maximilian","Becker","maximilian.becker295@example.com","21","Frankfurt","Ärztin"
"Laura","Hoffmann","laura.hoffmann296@example.com","22","Berlin","Student"
"Jonas","Winkler","jonas.winkler297@example.com","24","Hamburg","Softwareentwickler"
"Sophie","Meyer","sophie.meyer298@example.com","40","München","Lehrer"
"Maximilian","Schulz","maximilian.schulz299@example.com","43","Frankfurt","Ärztin"
"Laura","Schneider","laura.schneider300@example.com","54","Berlin","Student"
"Jonas","Becker","jonas.becker301@example.com","34","Hamburg","Softwareentwickler"
"Sophie","Hoffmann","sophie.hoffmann302@example.com","27","München","Lehrer"
"Max","Fischer","max.fischer303@example.com","36","Frankfurt","Ärztin"
"Laura","Müller","laura.mueller304@example.com","21","Berlin","Student"
"Jonas","Schulz","jonas.schulz305@example.com","37","Hamburg","Softwareentwickler"
"Sophie","Schneider","sophie.schneider306@example.com","30","München","Lehrer"
"Maximilian","Becker","maximilian.becker307@example.com","26","Frankfurt","Ärztin"
"Laura","Hoffmann","laura.hoffmann308@example.com","40","Berlin","Student"
"Jonas","Winkler","jonas.winkler309@example.com","41","Hamburg","Softwareentwickler"
"Sophie","Meyer","sophie.meyer310@example.com","39","München","Lehrer"
"Maximilian","Schulz","maximilian.schulz311@example.com","51","Frankfurt","Ärztin"
"Laura","Schneider","laura.schneider312@example.com","58","Berlin","Student"
"Jonas","Becker","jonas.becker313@example.com","55","Hamburg","Softwareentwickler"
"Sophie","Hoffmann","sophie.hoffmann314@example.com","53","München","Lehrer"
"Max","Fischer","max.fischer315@example.com","57","Frankfurt","Ärztin"
"Laura","Müller","laura.mueller316@example.com","54","Berlin","Student"
"Jonas","Schulz","jonas.schulz317@example.com","36","Hamburg","Softwareentwickler"
"Sophie","Schneider","sophie.schneider318@example.com","54","München","Lehrer"
"Maximilian","Becker","maximilian.becker319@example.com","25","Frankfurt","Ärztin"
"Laura","Hoffmann","laura.hoffmann320@example.com","24","Berlin","Student"
"Jonas","Winkler","jonas.winkler321@example.com","35","Hamburg","Softwareentwickler"
"Sophie","Meyer","sophie.meyer322@example.com","46","München","Lehrer"
"Maximilian","Schulz","maximilian.schulz323@example.com","42","Frankfurt","Ärztin"
"Laura","Schneider","laura.schneider324@example.com","42","Berlin","Student"
"Jonas","Becker","jonas.becker325@example.com","50","Hamburg","Softwareentwickler"
"Sophie","Hoffmann","sophie.hoffmann326@example.com","42","München","Lehrer"
"Max","Fischer","max.fischer327@example.com","42","Frankfurt","Ärztin"
"Laura","Müller","laura.mueller328@example.com","46","Berlin","Student"
"Jonas","Schulz","jonas.schulz329@example.com","19","Hamburg","Softwareentwickler"
"Sophie","Schneider","sophie.schneider330@example.com","23","München","Lehrer"
"Maximilian","Becker","maximilian.becker331@example.com","55","Frankfurt","Ärztin"
"Laura","Hoffmann","laura.hoffmann332@example.com","56","Berlin","Student"
"Jonas","Winkler","jonas.winkler333@example.com","28","Hamburg","Softwareentwickler"
"Sophie","Meyer","sophie.meyer334@example.com","43","München","Lehrer"
"Maximilian","Schulz","maximilian.schulz335@example.com","39","Frankfurt","Ärztin"
"Laura","Schneider","laura.schneider336@example.com","24","Berlin","Student"
"Jonas","Becker","jonas.becker337@example.com","36","Hamburg","Softwareentwickler"
"Sophie","Hoffmann","sophie.hoffmann338@example.com","45","München","Lehrer"
"Max","Fischer","max.fischer339@example.com","27","Frankfurt","Ärztin"
"Laura","Müller","laura.mueller340@example.com","29","Berlin","Student"
"Jonas","Schulz","jonas.schulz341@example.com","55","Hamburg","Softwareentwickler"
"Sophie","Schneider","sophie.schneider342@example.com","38","München","Lehrer"
"Maximilian","Becker","maximilian.becker343@example.com","22","Frankfurt","Ärztin"
"Laura","Hoffmann","laura.hoffmann344@example.com","25","Berlin","Student"
"Jonas","Winkler","jonas.winkler345@example.com","51","Hamburg","Softwareentwickler"
"Sophie","Meyer","sophie.meyer346@example.com","37","München","Lehrer"
"Maximilian","Schulz","maximilian.schulz347@example.com","59","Frankfurt","Ärztin"
"Laura","Schneider","laura.schneider348@example.com","43","Berlin","Student"
"Jonas","Becker","jonas.becker349@example.com","31","Hamburg","Softwareentwickler"
"Sophie","Hoffmann","sophie.hoffmann350@example.com","59","München","Lehrer"
"Max","Fischer","max.fischer351@example.com","39","Frankfurt","Ärztin"
"Laura","Müller","laura.mueller352@example.com","51","Berlin","Student"
"Jonas","Schulz","jonas.schulz353@example.com","25","Hamburg","Softwareentwickler"
"Sophie","Schneider","sophie.schneider354@example.com","28","München","Lehrer"
"Maximilian","Becker","maximilian.becker355@example.com","51","Frankfurt","Ärztin"
"Laura","Hoffmann","laura.hoffmann356@example.com","22","Berlin","Student"
"Jonas","Winkler","jonas.winkler357@example.com","19","Hamburg","Softwareentwickler"
"Sophie","Meyer","sophie.meyer358@example.com","28","München","Lehrer"
"Maximilian","Schulz","maximilian.schulz359@example.com","55","Frankfurt","Ärztin"
"Laura","Schneider","laura.schneider360@example.com","51","Berlin","Student"
"Jonas","Becker","jonas.becker361@example.com","19","Hamburg","Softwareentwickler"
"Sophie","Hoffmann","sophie.hoffmann362@example.com","50","München","Lehrer"
"Max","Fischer","max.fischer363@example.com","25","Frankfurt","Ärztin"
"Laura","Müller","laura.mueller364@example.com","20","Berlin","Student"
"Jonas","Schulz","jonas.schulz365@example.com","47","Hamburg","Softwareentwickler"
"Sophie","Schneider","sophie.schneider366@example.com","22","München","Lehrer"
"Maximilian","Becker","maximilian.becker367@example.com","43","Frankfurt","Ärztin"
"Laura","Hoffmann","laura.hoffmann368@example.com","54","Berlin","Student"
"Jonas","Winkler","jonas.winkler369@example.com","29","Hamburg","Softwareentwickler"
"Sophie","Meyer","sophie.meyer370@example.com","45","München","Lehrer"
"Maximilian","Schulz","maximilian.schulz371@example.com","38","Frankfurt","Ärztin"
"Laura","Schneider","laura.schneider372@example.com","58","Berlin","Student"
"Jonas","Becker","jonas.becker373@example.com","31","Hamburg","Softwareentwickler"
"Sophie","Hoffmann","sophie.hoffmann374@example.com","43","München","Lehrer"
"Max","Fischer","max.fischer375@example.com","35","Frankfurt","Ärztin"
"Laura","Müller","laura.mueller376@example.com","59","Berlin","Student"
"Jonas","Schulz","jonas.schulz377@example.com","37","Hamburg","Softwareentwickler"
"Sophie","Schneider","sophie.schneider378@example.com","54","München","Lehrer"
"Maximilian","Becker","maximilian.becker379@example.com","41","Frankfurt","Ärztin"
"Laura","Hoffmann","laura.hoffmann380@example.com","23","Berlin","Student"
"Jonas","Winkler","jonas.winkler381@example.com","48","Hamburg","Softwareentwickler"
"Sophie","Meyer","sophie.meyer382@example.com","37","München","Lehrer"
"Maximilian","Schulz","maximilian.schulz383@example.com","32","Frankfurt","Ärztin"
"Laura","Schneider","laura.schneider384@example.com","38","Berlin","Student"
"Jonas","Becker","jonas.becker385@example.com","53","Hamburg","Softwareentwickler"
"Sophie","Hoffmann","sophie.hoffmann386@example.com","20","München","Lehrer"
"Max","Fischer","max.fischer387@example.com","50","Frankfurt","Ärztin"
"Laura","Müller","laura.mueller388@example.com","51","Berlin","Student"
"Jonas","Schulz","jonas.schulz389@example.com","35","Hamburg","Softwareentwickler"
"Sophie","Schneider","sophie.schneider390@example.com","36","München","Lehrer"
"Maximilian","Becker","maximilian.becker391@example.com","28","Frankfurt","Ärztin"
"Laura","Hoffmann","laura.hoffmann392@example.com","33","Berlin","Student"
"Jonas","Winkler","jonas.winkler393@example.com","49","Hamburg","Softwareentwickler"
"Sophie","Meyer","sophie.meyer394@example.com","24","München","Lehrer"
"Maximilian","Schulz","maximilian.schulz395@example.com","32","Frankfurt","Ärztin"
"Laura","Schneider","laura.schneider396@example.com","47","Berlin","Student"
"Jonas","Becker","jonas.becker397@example.com","27","Hamburg","Softwareentwickler"
"Sophie","Hoffmann","sophie.hoffmann398@example.com","37","München","Lehrer"
"Max","Fischer","max.fischer399@example.com","53","Frankfurt","Ärztin"
"Laura","Müller","laura.mueller400@example.com","36","Berlin","Student"
"Jonas","Schulz","jonas.schulz401@example.com","31","Hamburg","Softwareentwickler"
"Sophie","Schneider","sophie.schneider402@example.com","18","München","Lehrer"
"Maximilian","Becker","maximilian.becker403@example.com","38","Frankfurt","Ärztin"
"Laura","Hoffmann","laura.hoffmann404@example.com","33","Berlin","Student"
"Jonas","Winkler","jonas.winkler405@example.com","41","Hamburg","Softwareentwickler"
"Sophie","Meyer","sophie.meyer406@example.com","26","München","Lehrer"
"Maximilian","Schulz","maximilian.schulz407@example.com","56","Frankfurt","Ärztin"
"Laura","Schneider","laura.schneider408@example.com","33","Berlin","Student"
"Jonas","Becker","jonas.becker409@example.com","19","Hamburg","Softwareentwickler"
"Sophie","Hoffmann","sophie.hoffmann410@example.com","45","München","Lehrer"
"Max","Fischer","max.fischer411@example.com","60","Frankfurt","Ärztin"
"Laura","Müller","laura.mueller412@example.com","42","Berlin","Student"
"Jonas","Schulz","jonas.schulz413@example.com","35","Hamburg","Softwareentwickler"
"Sophie","Schneider","sophie.schneider414@example.com","52","München","Lehrer"
"Maximilian","Becker","maximilian.becker415@example.com","25","Frankfurt","Ärztin"
"Laura","Hoffmann","laura.hoffmann416@example.com","21","Berlin","Student"
"Jonas","Winkler","jonas.winkler417@example.com","19","Hamburg","Softwareentwickler"
"Sophie","Meyer","sophie.meyer418@example.com","58","München","Lehrer"
"Maximilian","Schulz","maximilian.schulz419@example.com","19","Frankfurt","Ärztin"
"Laura","Schneider","laura.schneider420@example.com","49","Berlin","Student"
"Jonas","Becker","jonas.becker421@example.com","48","Hamburg","Softwareentwickler"
"Sophie","Hoffmann","sophie.hoffmann422@example.com","54","München","Lehrer"
"Max","Fischer","max.fischer423@example.com","53","Frankfurt","Ärztin"
"Laura","Müller","laura.mueller424@example.com","27","Berlin","Student"
"Jonas","Schulz","jonas.schulz425@example.com","39","Hamburg","Softwareentwickler"
"Sophie","Schneider","sophie.schneider426@example.com","19","München","Lehrer"
"Maximilian","Becker","maximilian.becker427@example.com","32","Frankfurt","Ärztin"
"Laura","Hoffmann","laura.hoffmann428@example.com","51","Berlin","Student"
"Jonas","Winkler","jonas.winkler429@example.com","22","Hamburg","Softwareentwickler"
"Sophie","Meyer","sophie.meyer430@example.com","51","München","Lehrer"
"Max","Mustermann","max.mustermann431@example.com","60","Berlin","Student"
"Anna","Schmidt","anna.schmidt432@example.com","44","Hamburg","Softwareentwickler"
"Michael","Müller","michael.mueller433@example.com","37","München","Lehrer"
"Sarah","Schneider","sarah.schneider434@example.com","50","Frankfurt","Ärztin"
"Thomas","Fischer","thomas.fischer435@example.com","52","Köln","Ingenieur"
"Max","Mustermann","max.mustermann@example.com","39","Berlin","Student"
"Anna","Schmidt","anna.schmidt@example.com","48","Hamburg","Softwareentwickler"
"Michael","Müller","michael.mueller@example.com","56","München","Lehrer"
"Sarah","Schneider","sarah.schneider@example.com","59","Frankfurt","Ärztin"
"Thomas","Fischer","thomas.fischer@example.com","58","Köln","Ingenieur"
"Laura","Weber","laura.weber@example.com","36","Dresden","Designer"
"Daniel","Wagner","daniel.wagner@example.com","23","Stuttgart","Verkäufer"
"Julia","Becker","julia.becker@example.com","35","Hannover","Anwalt"
"Christian","Schulz","christian.schulz@example.com","53","Düsseldorf","Architekt"
"Lisa","Hofmann","lisa.hofmann@example.com","60","Leipzig","Journalist"
"Kevin","Klein","kevin.klein@example.com","28","Dortmund","Künstler"
"Maria","Hartmann","maria.hartmann@example.com","41","Nürnberg","Buchhalter"
"Jan","Schmitt","jan.schmitt@example.com","32","Essen","Unternehmer"
"Sandra","Lange","sandra.lange@example.com","57","Bremen","Pilot"
"Alexander","Vogel","alexander.vogel@example.com","59","Bonn","Psychologe"
"Jennifer","Schulze","jennifer.schulze@example.com","33","Wiesbaden","Forscher"
"Markus","Koch","markus.koch@example.com","46","Mannheim","Consultant"
"Nicole","Simon","nicole.simon@example.com","49","Karlsruhe","HR Manager"
"Tobias","Lorenz","tobias.lorenz@example.com","31","Augsburg","Physiotherapeut"
"Jessica","Schuster","jessica.schuster@example.com","56","Bielefeld","Polizist"
"Andreas","Schreiber","andreas.schreiber@example.com","33","Freiburg","Mechaniker"
"Vanessa","Krüger","vanessa.krueger@example.com","20","Saarbrücken","Dolmetscher"
"Sebastian","Bergmann","sebastian.bergmann@example.com","39","Magdeburg","Biologe"
"Melanie","Jäger","melanie.jaeger@example.com","42","Rostock","Tierarzt"
"Patrick","Bayer","patrick.bayer@example.com","35","Halle","Manager"
"Carina","Graf","carina.graf@example.com","37","Kiel","Fotograf"
"Martin","Sommer","martin.sommer@example.com","20","Erfurt","Sozialarbeiter"
"Nadine","Schuster","nadine.schuster@example.com","59","Mainz","Apotheker"
"Stefan","Fuchs","stefan.fuchs@example.com","58","Lübeck","Dozent"
"Sabrina","Neumann","sabrina.neumann@example.com","50","Osnabrück","Grafiker"
"Christian","Baumann","christian.baumann@example.com","33","Duisburg","Informatiker"
"Diana","Huber","diana.huber@example.com","20","Bochum","Webdesigner"
"Marcel","Lehmann","marcel.lehmann@example.com","42","Wuppertal","Unternehmensberater"
"Laura","Lutz","laura.lutz@example.com","42","Heidelberg","Schauspieler"
"Jan","Werner","jan.werner@example.com","46","Darmstadt","Physiker"
"Verena","Mayer","verena.mayer@example.com","38","Ulm","Lehrerin"
"Timo","Herrmann","timo.herrmann@example.com","49","Kassel","Logistiker"
"Lisa","Bach","lisa.bach@example.com","54","Potsdam","Geologe"
"Jens","Götz","jens.goetz@example.com","53","Bremerhaven","Gärtner"
"Katrin","Franke","katrin.franke@example.com","44","Cottbus","Chemiker"
"Philipp","Langer","philipp.langer@example.com","58","Hagen","Sozialpädagoge"
"Marina","Schwarz","marina.schwarz@example.com","49","Wolfsburg","Versicherungsvertreter"
"Fabian","Richter","fabian.richter@example.com","33","Göttingen","Zahnarzt"
"Laura","Schulz","laura.schulz@example.com","20","Reutlingen","Apothekerin"
"David","Hahn","david.hahn@example.com","53","Minden","Physiotherapeut"
"Christina","Krause","christina.krause@example.com","55","Weimar","Pflegekraft"
"Matthias","Pohl","matthias.pohl@example.com","45","Gera","Florist"
"Michelle","Scholz","michelle.scholz@example.com","21","Eisenach","Friseur"
"Johannes","Roth","johannes.roth@example.com","39","Zwickau","Bankkaufmann"
"Vanessa","Schuster","vanessa.schuster@example.com","34","Gelsenkirchen","Verwaltungsangestellte"
"Patrick","Winkler","patrick.winkler@example.com","38","Wilhelmshaven","Journalist"
"Julia","Schwarz","julia.schwarz@example.com","58","Neuss","Reiseleiterin"
"Simon","Lang","simon.lang@example.com","27","Leverkusen","Polizist"
"Laura","Schmidt","laura.schmidt@example.com","56","Gütersloh","Ingenieurin"
"Tobias","Wolf","tobias.wolf@example.com","49","Offenbach","Softwareentwickler"
"Lisa","Peters","lisa.peters@example.com","23","Speyer","Architektin"
"Kevin","Weiß","kevin.weiss@example.com","35","Dessau","Designer"
"Jennifer","Schneider","jennifer.schneider@example.com","44","Ratingen","Anwältin"
"Michael","Ludwig","michael.ludwig@example.com","24","Gießen","Künstler"
"Sabrina","Meyer","sabrina.meyer@example.com","30","Minden","Buchhalterin"
"Daniel","Keller","daniel.keller@example.com","58","Troisdorf","Pilot"
"Nicole","Huber","nicole.huber@example.com","46","Neumünster","Psychologin"
"Stefan","Schmitt","stefan.schmitt@example.com","55","Fulda","Forscher"
"Laura","Bauer","laura.bauer@example.com","34","Rosenheim","Consultant"
"Christian","Kühn","christian.kuehn@example.com","32","Deggendorf","HR Manager"
"Nadine","Wagner","nadine.wagner@example.com","39","Hof","Physiotherapeutin"
"Sebastian","Schulz","sebastian.schulz@example.com","32","Kaufbeuren","Manager"
"Melanie","Schwarz","melanie.schwarz@example.com","55","Rüsselsheim","Fotografin"
"Jan","Herrmann","jan.herrmann@example.com","38","Frankenthal","Sozialarbeiter"
"Julia","Werner","julia.werner@example.com","51","Landshut","Apothekerin"
"Andreas","Bergmann","andreas.bergmann@example.com","42","Böblingen","Dozent"
"Vanessa","Winkler","vanessa.winkler@example.com","38","Esslingen","Grafikerin"
"Marcel","Becker","marcel.becker@example.com","31","Willich","Informatiker"
"Laura","Sauer","laura.sauer@example.com","21","Albstadt","Webdesignerin"
"Alexander","Krause","alexander.krause@example.com","19","Schorndorf","Unternehmensberater"
"Christina","Bauer","christina.bauer@example.com","39","Herford","Schauspielerin"
"Matthias","Keller","matthias.keller@example.com","57","Bad Oeynhausen","Physiker"
"Michelle","Hofmann","michelle.hofmann@example.com","46","Friedberg","Lehrerin"
"Johannes","Pohl","johannes.pohl@example.com","32","Emden","Logistiker"
"Vanessa","Schneider","vanessa.schneider@example.com","56","Neubrandenburg","Geologin"
"Patrick","Schuster","patrick.schuster@example.com","18","Weiden","Gärtner"
"Julia","Wolff","julia.wolff@example.com","27","Goslar","Chemikerin"
"Simon","Lange","simon.lange@example.com","60","Lörrach","Sozialpädagoge"
"Laura","Mayer","laura.mayer@example.com","38","Rastatt","Versicherungsvertreterin"
"Tobias","Fuchs","tobias.fuchs@example.com","40","Rheda-Wiedenbrück","Zahnarzt"
"Lisa","Schubert","lisa.schubert@example.com","49","Bad Salzuflen","Apothekerin"
"Kevin","Kraus","kevin.kraus@example.com","58","Peine","Physiotherapeut"
"Jennifer","Kuhn","jennifer.kuhn@example.com","48","Nordhorn","Managerin"
"Michael","Werner","michael.werner@example.com","27","Melle","Fotografin"
"Sabrina","Peters","sabrina.peters@example.com","48","Singen","Sozialarbeiterin"
"Daniel","Schulz","daniel.schulz@example.com","36","Stendal","Apotheker"
"Nicole","Möller","nicole.moeller@example.com","51","Wesel","Dozentin"
"Stefan","Lehmann","stefan.lehmann@example.com","23","Rheine","Grafiker"
"Laura","Schröder","laura.schroeder@example.com","58","Ahlen","Informatikerin"
"Christian","Herrmann","christian.herrmann@example.com","21","Gotha","Webdesignerin"
"Nadine","Bach","nadine.bach@example.com","58","Eisenhüttenstadt","Unternehmensberaterin"
"Sebastian","Lorenz","sebastian.lorenz@example.com","50","Löhne","HR Manager"
"Melanie","Winkler","melanie.winkler@example.com","27","Herzogenrath","Physiotherapeutin"
"Jan","Franke","jan.franke@example.com","48","Neuwied","Manager"
"Julia","Beck","julia.beck@example.com","18","Lemgo","Fotografin"
"Andreas","Schuster","andreas.schuster@example.com","38","Hückelhoven","Sozialarbeiter"
"Vanessa","Schubert","vanessa.schubert@example.com","38","Andernach","Apothekerin"
"Marcel","Schreiber","marcel.schreiber@example.com","25","Bad Hersfeld","Dozent"
"Laura","Bayer","laura.bayer@example.com","34","Mettmann","Grafikerin"
"Christian","Wolff","christian.wolff@example.com","36","Neustadt am Rübenberge","Informatiker"
"Nadine","Lange","nadine.lange@example.com","46","Starnberg","Webdesignerin"
"Sebastian","Schneider","sebastian.schneider@example.com","21","Bramsche","Unternehmensberater"
"Melanie","Müller","melanie.mueller@example.com","43","Radebeul","HR Managerin"
"Jan","Kühn","jan.kuehn@example.com","54","Helmstedt","Physiker"
"Julia","Winkler","julia.winkler@example.com","22","Kornwestheim","Managerin"
"Andreas","Mayer","andreas.mayer@example.com","25","Kreuztal","Fotograf"
"Vanessa","Schulz","vanessa.schulz@example.com","55","Georgsmarienhütte","Sozialarbeiterin"
"Marcel","Wagner","marcel.wagner@example.com","25","Lohne","Apotheker"
"Laura","Krause","laura.krause@example.com","21","Neunkirchen","Dozentin"
"Christian","Richter","christian.richter@example.com","39","Rösrath","Grafiker"
"Nadine","Schulz","nadine.schulz@example.com","37","Werne","Informatikerin"
"Sebastian","Franke","sebastian.franke@example.com","29","Lemgo","Webdesigner"
"Melanie","Becker","melanie.becker@example.com","20","Heidenheim an der Brenz","Unternehmensberaterin"
"Jan","Möller","jan.moeller@example.com","40","Lübbecke","HR Manager"
"Julia","Schumacher","julia.schumacher@example.com","26","Coesfeld","Physiotherapeutin"
"Andreas","Hartmann","andreas.hartmann@example.com","43","Seevetal","Manager"
"Vanessa","Lehmann","vanessa.lehmann@example.com","40","Steinfurt","Fotografin"
"Marcel","Schuster","marcel.schuster@example.com","32","Pirmasens","Sozialarbeiter"
"Laura","Kaiser","laura.kaiser@example.com","45","Sankt Augustin","Apothekerin"
"Christian","Wagner","christian.wagner@example.com","56","Altenburg","Dozent"
"Nadine","Bayer","nadine.bayer@example.com","27","Gummersbach","Grafikerin"
"Sebastian","Koch","sebastian.koch@example.com","57","Buxtehude","Informatiker"
"Melanie","Schuster","melanie.schuster@example.com","55","Osterholz-Scharmbeck","Webdesignerin"
"Jan","Krause","jan.krause@example.com","31","Seesen","Unternehmensberater"
"Julia","Schmidt","julia.schmidt@example.com","30","St. Wendel","HR Managerin"
"Andreas","Lange","andreas.lange@example.com","26","Celle","Physiotherapeut"
"Vanessa","Werner","vanessa.werner@example.com","38","Wetzlar","Managerin"
"Marcel","Scholz","marcel.scholz@example.com","26","Zweibrücken","Fotograf"
"Laura","Pohl","laura.pohl@example.com","37","Hemer","Sozialarbeiterin"
"Christian","Beck","christian.beck@example.com","27","Heinsberg","Apotheker"
"Nadine","Bergmann","nadine.bergmann@example.com","53","Ganderkesee","Dozentin"
"Sebastian","Franz","sebastian.franz@example.com","42","Lennestadt","Grafiker"
"Melanie","Lutz","melanie.lutz@example.com","45","Neustadt in Holstein","Informatikerin"
"Jan","Schreiber","jan.schreiber@example.com","27","Herdecke","Webdesigner"
"Julia","Fuchs","julia.fuchs@example.com","58","Aalen","Unternehmensberaterin"
"Andreas","Schwarz","andreas.schwarz@example.com","59","Roth","HR Manager"
"Vanessa","Huber","vanessa.huber@example.com","53","Hockenheim","Physiotherapeutin"
"Marcel","Lorenz","marcel.lorenz@example.com","58","Haßloch","Manager"
"Laura","Schreiber","laura.schreiber@example.com","48","Pfaffenhofen an der Ilm","Fotografin"
"Christian","König","christian.koenig@example.com","58","Weil am Rhein","Informatiker"
"Nadine","Koch","nadine.koch@example.com","42","Radevormwald","Webdesignerin"
"Sebastian","Schmitt","sebastian.schmitt@example.com","50","Bad Salzungen","Unternehmensberater"
"Melanie","Richter","melanie.richter@example.com","46","Salzwedel","HR Managerin"
"Jan","Schuster","jan.schuster@example.com","53","Niesky","Physiotherapeut"
"Julia","Mayer","julia.mayer@example.com","26","Marktoberdorf","Managerin"
"Andreas","Lehmann","andreas.lehmann@example.com","59","Miesbach","Fotograf"
"Vanessa","Becker","vanessa.becker@example.com","56","Weilheim in Oberbayern","Sozialarbeiterin"
"Marcel","Krause","marcel.krause@example.com","36","Baunatal","Apotheker"
"Laura","Herrmann","laura.herrmann@example.com","54","Hennigsdorf","Dozentin"
"Christian","Fischer","christian.fischer@example.com","44","Vechta","Grafiker"
"Nadine","Hartmann","nadine.hartmann@example.com","45","Bad Dürkheim","Informatikerin"
"Sebastian","Kuhn","sebastian.kuhn@example.com","24","Wangen im Allgäu","Webdesigner"
"Melanie","Pohl","melanie.pohl@example.com","27","Geislingen an der Steige","Unternehmensberaterin"
"Jan","Wolff","jan.wolff@example.com","37","Bad Neustadt an der Saale","HR Manager"
"Julia","Schuster","julia.schuster@example.com","21","Bühl","Physiotherapeutin"
"Max","Müller","max.mueller1@example.com","32","Berlin","Student"
"Anna","Schulz","anna.schulz2@example.com","40","Hamburg","Softwareentwickler"
"Michael","Schneider","michael.schneider3@example.com","44","München","Lehrer"
"Sarah","Fischer","sarah.fischer4@example.com","28","Frankfurt","Ärztin"
"David","Weber","david.weber5@example.com","41","Berlin","Student"
"Laura","Wagner","laura.wagner6@example.com","47","Hamburg","Softwareentwickler"
"Andreas","Schmidt","andreas.schmidt7@example.com","51","München","Lehrer"
"Julia","Becker","julia.becker8@example.com","18","Frankfurt","Ärztin"
"Felix","Hoffmann","felix.hoffmann9@example.com","51","Berlin","Student"
"Sophie","Koch","sophie.koch10@example.com","43","Hamburg","Softwareentwickler"
"Jonas","Schäfer","jonas.schaefer11@example.com","30","München","Lehrer"
"Lea","Herrmann","lea.herrmann12@example.com","59","Frankfurt","Ärztin"
"Maximilian","Kaiser","maximilian.kaiser13@example.com","34","Berlin","Student"
"Hannah","Schmitt","hannah.schmitt14@example.com","53","Hamburg","Softwareentwickler"
"Tom","Fuchs","tom.fuchs15@example.com","20","München","Lehrer"
"Julia","Krause","julia.krause16@example.com","40","Frankfurt","Ärztin"
"Ben","Bauer","ben.bauer17@example.com","42","Berlin","Student"
"Emma","Hofmann","emma.hofmann18@example.com","50","Hamburg","Softwareentwickler"
"Paul","Schröder","paul.schroeder19@example.com","30","München","Lehrer"
"Lena","Meier","lena.meier20@example.com","24","Frankfurt","Ärztin"
"Tim","Lehmann","tim.lehmann21@example.com","19","Berlin","Student"
"Lisa","Köhler","lisa.koehler22@example.com","38","Hamburg","Softwareentwickler"
"Nico","Werner","nico.werner23@example.com","57","München","Lehrer"
"Jana","Schubert","jana.schubert24@example.com","21","Frankfurt","Ärztin"
"Philipp","Neumann","philipp.neumann25@example.com","25","Berlin","Student"
"Laura","Schwarz","laura.schwarz26@example.com","50","Hamburg","Softwareentwickler"
"Christian","Zimmermann","christian.zimmermann27@example.com","33","München","Lehrer"
"Mia","Krüger","mia.krueger28@example.com","45","Frankfurt","Ärztin"
"Moritz","Herr","moritz.herr29@example.com","55","Berlin","Student"
"Sophia","Lange","sophia.lange30@example.com","26","Hamburg","Softwareentwickler"
"Dominik","Götz","dominik.goetz31@example.com","58","München","Lehrer"
"Vanessa","Voigt","vanessa.voigt32@example.com","27","Frankfurt","Ärztin"
"Julian","Schmitt","julian.schmitt33@example.com","29","Berlin","Student"
"Lara","Berger","lara.berger34@example.com","48","Hamburg","Softwareentwickler"
"Tobias","Haas","tobias.haas35@example.com","46","München","Lehrer"
"Sara","Kraft","sara.kraft36@example.com","58","Frankfurt","Ärztin"
"Kevin","Walter","kevin.walter37@example.com","40","Berlin","Student"
"Melanie","Bach","melanie.bach38@example.com","29","Hamburg","Softwareentwickler"
"Jan","Richter","jan.richter39@example.com","58","München","Lehrer"
"Carina","Kaiser","carina.kaiser40@example.com","58","Frankfurt","Ärztin"
"Daniel","Bergmann","daniel.bergmann41@example.com","52","Berlin","Student"
"Carolin","Böhm","carolin.boehm42@example.com","45","Hamburg","Softwareentwickler"
"Sebastian","Schröder","sebastian.schroeder43@example.com","38","München","Lehrer"
"Laura","Winter","laura.winter44@example.com","36","Frankfurt","Ärztin"
"Christopher","Mayer","christopher.mayer45@example.com","57","Berlin","Student"
"Maria","Berg","maria.berg46@example.com","49","Hamburg","Softwareentwickler"
"Markus","Wenzel","markus.wenzel47@example.com","47","München","Lehrer"
"Katharina","Sommer","katharina.sommer48@example.com","56","Frankfurt","Ärztin"
"Marcel","Lang","marcel.lang49@example.com","34","Berlin","Student"
"Jenny","Jung","jenny.jung50@example.com","55","Hamburg","Softwareentwickler"
"Patrick","Hartmann","patrick.hartmann51@example.com","46","München","Lehrer"
"Laura","Schubert","laura.schubert52@example.com","52","Frankfurt","Ärztin"
"Michael","Simon","michael.simon53@example.com","28","Berlin","Student"
"Sophie","Berndt","sophie.berndt54@example.com","49","Hamburg","Softwareentwickler"
"Alexander","Schuster","alexander.schuster55@example.com","48","München","Lehrer"
"Laura","Kraus","laura.kraus56@example.com","41","Frankfurt","Ärztin"
"Philipp","Schmidt","philipp.schmidt57@example.com","51","Berlin","Student"
"Mia","Martin","mia.martin58@example.com","18","Hamburg","Softwareentwickler"
"Simon","Beck","simon.beck59@example.com","36","München","Lehrer"
"Julia","Kühn","julia.kuehn60@example.com","42","Frankfurt","Ärztin"
"Christian","Schwarz","christian.schwarz61@example.com","56","Berlin","Student"
"Lisa","Schneider","lisa.schneider62@example.com","20","Hamburg","Softwareentwickler"
"Kevin","Meyer","kevin.meyer63@example.com","36","München","Lehrer"
"Laura","Hofmann","laura.hofmann64@example.com","25","Frankfurt","Ärztin"
"Jonas","Lehmann","jonas.lehmann65@example.com","42","Berlin","Student"
"Anna","Wagner","anna.wagner66@example.com","23","Hamburg","Softwareentwickler"
"Maximilian","Becker","maximilian.becker67@example.com","36","München","Lehrer"
"Lena","Schäfer","lena.schaefer68@example.com","55","Frankfurt","Ärztin"
"Paul","Koch","paul.koch69@example.com","24","Berlin","Student"
"Sophie","Schulz","sophie.schulz70@example.com","46","Hamburg","Softwareentwickler"
"Jonas","Bauer","jonas.bauer71@example.com","38","München","Lehrer"
"Julia","Hartmann","julia.hartmann72@example.com","43","Frankfurt","Ärztin"
"David","Schmidt","david.schmidt73@example.com","57","Berlin","Student"
"Laura","Fischer","laura.fischer74@example.com","35","Hamburg","Softwareentwickler"
"Tim","Müller","tim.mueller75@example.com","28","München","Lehrer"
"Lena","Weber","lena.weber76@example.com","47","Frankfurt","Ärztin"
"Simon","Schneider","simon.schneider77@example.com","22","Berlin","Student"
"Marie","Wagner","marie.wagner78@example.com","49","Hamburg","Softwareentwickler"
"Nico","Schuster","nico.schuster79@example.com","38","München","Lehrer"
"Laura","Beck","laura.beck80@example.com","57","Frankfurt","Ärztin"
"Julian","Kühn","julian.kuehn81@example.com","37","Berlin","Student"
"Laura","Schwarz","laura.schwarz82@example.com","47","Hamburg","Softwareentwickler"
"Philipp","Mayer","philipp.mayer83@example.com","51","München","Lehrer"
"Anna","Lang","anna.lang84@example.com","52","Frankfurt","Ärztin"
"Max","Wolf","max.wolf85@example.com","49","Berlin","Student"
"Lena","Zimmermann","lena.zimmermann86@example.com","30","Hamburg","Softwareentwickler"
"Tom","Fuchs","tom.fuchs87@example.com","28","München","Lehrer"
"Lisa","Krause","lisa.krause88@example.com","25","Frankfurt","Ärztin"
"Paul","Schneider","paul.schneider89@example.com","33","Berlin","Student"
"Sophie","Wagner","sophie.wagner90@example.com","54","Hamburg","Softwareentwickler"
"Maximilian","Becker","maximilian.becker91@example.com","52","München","Lehrer"
"Laura","Hofmann","laura.hofmann92@example.com","53","Frankfurt","Ärztin"
"Marie","Wagner","marie.wagner93@example.com","48","Berlin","Student"
"Nico","Schuster","nico.schuster94@example.com","21","Hamburg","Softwareentwickler"
"Laura","Beck","laura.beck95@example.com","45","München","Lehrer"
"Julian","Kühn","julian.kuehn96@example.com","20","Frankfurt","Ärztin"
"Laura","Schwarz","laura.schwarz97@example.com","21","Berlin","Student"
"Philipp","Mayer","philipp.mayer98@example.com","31","Hamburg","Softwareentwickler"
"Anna","Lang","anna.lang99@example.com","35","München","Lehrer"
"Paul","Winkler","paul.winkler260@example.com","56","Berlin","Student"
"Laura","Meyer","laura.meyer261@example.com","36","Hamburg","Softwareentwickler"
"Maximilian","Schulz","maximilian.schulz262@example.com","41","München","Lehrer"
"Sophie","Schneider","sophie.schneider263@example.com","44","Frankfurt","Ärztin"
"Jonas","Becker","jonas.becker264@example.com","42","Berlin","Student"
"Laura","Hoffmann","laura.hoffmann265@example.com","57","Hamburg","Softwareentwickler"
"Marie","Fischer","marie.fischer266@example.com","51","München","Lehrer"
"Alexander","Müller","alexander.mueller267@example.com","22","Frankfurt","Ärztin"
"Lena","Schmidt","lena.schmidt268@example.com","27","Berlin","Student"
"Max","Wagner","max.wagner269@example.com","52","Hamburg","Softwareentwickler"
"Sophia","Schulz","sophia.schulz270@example.com","37","München","Lehrer"
"Paul","Becker","paul.becker271@example.com","18","Frankfurt","Ärztin"
"Laura","Hofmann","laura.hofmann272@example.com","48","Berlin","Student"
"Jonas","Winkler","jonas.winkler273@example.com","44","Hamburg","Softwareentwickler"
"Sophie","Meyer","sophie.meyer274@example.com","26","München","Lehrer"
"Maximilian","Schulz","maximilian.schulz275@example.com","42","Frankfurt","Ärztin"
"Laura","Schneider","laura.schneider276@example.com","59","Berlin","Student"
"Jonas","Becker","jonas.becker277@example.com","51","Hamburg","Softwareentwickler"
"Sophie","Hoffmann","sophie.hoffmann278@example.com","42","München","Lehrer"
"Max","Fischer","max.fischer279@example.com","48","Frankfurt","Ärztin"
"Laura","Müller","laura.mueller280@example.com","55","Berlin","Student"
"Jonas","Schulz","jonas.schulz281@example.com","40","Hamburg","Softwareentwickler"
"Sophie","Schneider","sophie.schneider282@example.com","58","München","Lehrer"
"Maximilian","Becker","maximilian.becker283@example.com","55","Frankfurt","Ärztin"
"Laura","Hoffmann","laura.hoffmann284@example.com","18","Berlin","Student"
"Jonas","Winkler","jonas.winkler285@example.com","41","Hamburg","Softwareentwickler"
"Sophie","Meyer","sophie.meyer286@example.com","24","München","Lehrer"
"Maximilian","Schulz","maximilian.schulz287@example.com","38","Frankfurt","Ärztin"
"Laura","Schneider","laura.schneider288@example.com","21","Berlin","Student"
"Jonas","Becker","jonas.becker289@example.com","58","Hamburg","Softwareentwickler"
"Sophie","Hoffmann","sophie.hoffmann290@example.com","34","München","Lehrer"
"Max","Fischer","max.fischer291@example.com","23","Frankfurt","Ärztin"
"Laura","Müller","laura.mueller292@example.com","46","Berlin","Student"
"Jonas","Schulz","jonas.schulz293@example.com","45","Hamburg","Softwareentwickler"
"Sophie","Schneider","sophie.schneider294@example.com","26","München","Lehrer"
"Maximilian","Becker","maximilian.becker295@example.com","24","Frankfurt","Ärztin"
"Laura","Hoffmann","laura.hoffmann296@example.com","28","Berlin","Student"
"Jonas","Winkler","jonas.winkler297@example.com","32","Hamburg","Softwareentwickler"
"Sophie","Meyer","sophie.meyer298@example.com","40","München","Lehrer"
"Maximilian","Schulz","maximilian.schulz299@example.com","50","Frankfurt","Ärztin"
"Laura","Schneider","laura.schneider300@example.com","28","Berlin","Student"
"Jonas","Becker","jonas.becker301@example.com","33","Hamburg","Softwareentwickler"
"Sophie","Hoffmann","sophie.hoffmann302@example.com","51","München","Lehrer"
"Max","Fischer","max.fischer303@example.com","39","Frankfurt","Ärztin"
"Laura","Müller","laura.mueller304@example.com","24","Berlin","Student"
"Jonas","Schulz","jonas.schulz305@example.com","50","Hamburg","Softwareentwickler"
"Sophie","Schneider","sophie.schneider306@example.com","34","München","Lehrer"
"Maximilian","Becker","maximilian.becker307@example.com","22","Frankfurt","Ärztin"
"Laura","Hoffmann","laura.hoffmann308@example.com","60","Berlin","Student"
"Jonas","Winkler","jonas.winkler309@example.com","39","Hamburg","Softwareentwickler"
"Sophie","Meyer","sophie.meyer310@example.com","30","München","Lehrer"
"Maximilian","Schulz","maximilian.schulz311@example.com","39","Frankfurt","Ärztin"
"Laura","Schneider","laura.schneider312@example.com","51","Berlin","Student"
"Jonas","Becker","jonas.becker313@example.com","18","Hamburg","Softwareentwickler"
"Sophie","Hoffmann","sophie.hoffmann314@example.com","27","München","Lehrer"
"Max","Fischer","max.fischer315@example.com","56","Frankfurt","Ärztin"
"Laura","Müller","laura.mueller316@example.com","49","Berlin","Student"
"Jonas","Schulz","jonas.schulz317@example.com","35","Hamburg","Softwareentwickler"
"Sophie","Schneider","sophie.schneider318@example.com","50","München","Lehrer"
"Maximilian","Becker","maximilian.becker319@example.com","53","Frankfurt","Ärztin"
"Laura","Hoffmann","laura.hoffmann320@example.com","57","Berlin","Student"
"Jonas","Winkler","jonas.winkler321@example.com","24","Hamburg","Softwareentwickler"
"Sophie","Meyer","sophie.meyer322@example.com","39","München","Lehrer"
"Maximilian","Schulz","maximilian.schulz323@example.com","55","Frankfurt","Ärztin"
"Laura","Schneider","laura.schneider324@example.com","51","Berlin","Student"
"Jonas","Becker","jonas.becker325@example.com","24","Hamburg","Softwareentwickler"
"Sophie","Hoffmann","sophie.hoffmann326@example.com","58","München","Lehrer"
"Max","Fischer","max.fischer327@example.com","53","Frankfurt","Ärztin"
"Laura","Müller","laura.mueller328@example.com","40","Berlin","Student"
"Jonas","Schulz","jonas.schulz329@example.com","43","Hamburg","Softwareentwickler"
"Sophie","Schneider","sophie.schneider330@example.com","47","München","Lehrer"
"Maximilian","Becker","maximilian.becker331@example.com","45","Frankfurt","Ärztin"
"Laura","Hoffmann","laura.hoffmann332@example.com","38","Berlin","Student"
"Jonas","Winkler","jonas.winkler333@example.com","60","Hamburg","Softwareentwickler"
"Sophie","Meyer","sophie.meyer334@example.com","53","München","Lehrer"
"Maximilian","Schulz","maximilian.schulz335@example.com","41","Frankfurt","Ärztin"
"Laura","Schneider","laura.schneider336@example.com","54","Berlin","Student"
"Jonas","Becker","jonas.becker337@example.com","48","Hamburg","Softwareentwickler"
"Sophie","Hoffmann","sophie.hoffmann338@example.com","38","München","Lehrer"
"Max","Fischer","max.fischer339@example.com","60","Frankfurt","Ärztin"
"Laura","Müller","laura.mueller340@example.com","45","Berlin","Student"
"Jonas","Schulz","jonas.schulz341@example.com","43","Hamburg","Softwareentwickler"
"Sophie","Schneider","sophie.schneider342@example.com","28","München","Lehrer"
"Maximilian","Becker","maximilian.becker343@example.com","46","Frankfurt","Ärztin"
"Laura","Hoffmann","laura.hoffmann344@example.com","32","Berlin","Student"
"Jonas","Winkler","jonas.winkler345@example.com","45","Hamburg","Softwareentwickler"
"Sophie","Meyer","sophie.meyer346@example.com","53","München","Lehrer"
"Maximilian","Schulz","maximilian.schulz347@example.com","59","Frankfurt","Ärztin"
"Laura","Schneider","laura.schneider348@example.com","46","Berlin","Student"
"Jonas","Becker","jonas.becker349@example.com","45","Hamburg","Softwareentwickler"
"Sophie","Hoffmann","sophie.hoffmann350@example.com","19","München","Lehrer"
"Max","Fischer","max.fischer351@example.com","29","Frankfurt","Ärztin"
"Laura","Müller","laura.mueller352@example.com","39","Berlin","Student"
"Jonas","Schulz","jonas.schulz353@example.com","40","Hamburg","Softwareentwickler"
"Sophie","Schneider","sophie.schneider354@example.com","39","München","Lehrer"
"Maximilian","Becker","maximilian.becker355@example.com","39","Frankfurt","Ärztin"
"Laura","Hoffmann","laura.hoffmann356@example.com","46","Berlin","Student"
"Jonas","Winkler","jonas.winkler357@example.com","21","Hamburg","Softwareentwickler"
"Sophie","Meyer","sophie.meyer358@example.com","45","München","Lehrer"
"Maximilian","Schulz","maximilian.schulz359@example.com","21","Frankfurt","Ärztin"
"Laura","Schneider","laura.schneider360@example.com","41","Berlin","Student"
"Jonas","Becker","jonas.becker361@example.com","43","Hamburg","Softwareentwickler"
"Sophie","Hoffmann","sophie.hoffmann362@example.com","21","München","Lehrer"
"Max","Fischer","max.fischer363@example.com","28","Frankfurt","Ärztin"
"Laura","Müller","laura.mueller364@example.com","57","Berlin","Student"
"Jonas","Schulz","jonas.schulz365@example.com","19","Hamburg","Softwareentwickler"
"Sophie","Schneider","sophie.schneider366@example.com","53","München","Lehrer"
"Maximilian","Becker","maximilian.becker367@example.com","26","Frankfurt","Ärztin"
"Laura","Hoffmann","laura.hoffmann368@example.com","37","Berlin","Student"
"Jonas","Winkler","jonas.winkler369@example.com","19","Hamburg","Softwareentwickler"
"Sophie","Meyer","sophie.meyer370@example.com","51","München","Lehrer"
"Maximilian","Schulz","maximilian.schulz371@example.com","55","Frankfurt","Ärztin"
"Laura","Schneider","laura.schneider372@example.com","26","Berlin","Student"
"Jonas","Becker","jonas.becker373@example.com","51","Hamburg","Softwareentwickler"
"Sophie","Hoffmann","sophie.hoffmann374@example.com","40","München","Lehrer"
"Max","Fischer","max.fischer375@example.com","38","Frankfurt","Ärztin"
"Laura","Müller","laura.mueller376@example.com","34","Berlin","Student"
"Jonas","Schulz","jonas.schulz377@example.com","34","Hamburg","Softwareentwickler"
"Sophie","Schneider","sophie.schneider378@example.com","51","München","Lehrer"
"Maximilian","Becker","maximilian.becker379@example.com","29","Frankfurt","Ärztin"
"Laura","Hoffmann","laura.hoffmann380@example.com","41","Berlin","Student"
"Jonas","Winkler","jonas.winkler381@example.com","56","Hamburg","Softwareentwickler"
"Sophie","Meyer","sophie.meyer382@example.com","31","München","Lehrer"
"Maximilian","Schulz","maximilian.schulz383@example.com","46","Frankfurt","Ärztin"
"Laura","Schneider","laura.schneider384@example.com","33","Berlin","Student"
"Jonas","Becker","jonas.becker385@example.com","30","Hamburg","Softwareentwickler"
"Sophie","Hoffmann","sophie.hoffmann386@example.com","57","München","Lehrer"
"Max","Fischer","max.fischer387@example.com","49","Frankfurt","Ärztin"
"Laura","Müller","laura.mueller388@example.com","43","Berlin","Student"
"Jonas","Schulz","jonas.schulz389@example.com","26","Hamburg","Softwareentwickler"
"Sophie","Schneider","sophie.schneider390@example.com","30","München","Lehrer"
"Maximilian","Becker","maximilian.becker391@example.com","27","Frankfurt","Ärztin"
"Laura","Hoffmann","laura.hoffmann392@example.com","42","Berlin","Student"
"Jonas","Winkler","jonas.winkler393@example.com","23","Hamburg","Softwareentwickler"
"Sophie","Meyer","sophie.meyer394@example.com","46","München","Lehrer"
"Maximilian","Schulz","maximilian.schulz395@example.com","33","Frankfurt","Ärztin"
"Laura","Schneider","laura.schneider396@example.com","46","Berlin","Student"
"Jonas","Becker","jonas.becker397@example.com","47","Hamburg","Softwareentwickler"
"Sophie","Hoffmann","sophie.hoffmann398@example.com","54","München","Lehrer"
"Max","Fischer","max.fischer399@example.com","28","Frankfurt","Ärztin"
"Laura","Müller","laura.mueller400@example.com","37","Berlin","Student"
"Jonas","Schulz","jonas.schulz401@example.com","33","Hamburg","Softwareentwickler"
"Sophie","Schneider","sophie.schneider402@example.com","54","München","Lehrer"
"Maximilian","Becker","maximilian.becker403@example.com","25","Frankfurt","Ärztin"
"Laura","Hoffmann","laura.hoffmann404@example.com","18","Berlin","Student"
"Jonas","Winkler","jonas.winkler405@example.com","50","Hamburg","Softwareentwickler"
"Sophie","Meyer","sophie.meyer406@example.com","58","München","Lehrer"
"Maximilian","Schulz","maximilian.schulz407@example.com","21","Frankfurt","Ärztin"
"Laura","Schneider","laura.schneider408@example.com","42","Berlin","Student"
"Jonas","Becker","jonas.becker409@example.com","38","Hamburg","Softwareentwickler"
"Sophie","Hoffmann","sophie.hoffmann410@example.com","48","München","Lehrer"
"Max","Fischer","max.fischer411@example.com","26","Frankfurt","Ärztin"
"Laura","Müller","laura.mueller412@example.com","35","Berlin","Student"
"Jonas","Schulz","jonas.schulz413@example.com","55","Hamburg","Softwareentwickler"
"Sophie","Schneider","sophie.schneider414@example.com","20","München","Lehrer"
"Maximilian","Becker","maximilian.becker415@example.com","39","Frankfurt","Ärztin"
"Laura","Hoffmann","laura.hoffmann416@example.com","48","Berlin","Student"
"Jonas","Winkler","jonas.winkler417@example.com","34","Hamburg","Softwareentwickler"
"Sophie","Meyer","sophie.meyer418@example.com","22","München","Lehrer"
"Maximilian","Schulz","maximilian.schulz419@example.com","59","Frankfurt","Ärztin"
"Laura","Schneider","laura.schneider420@example.com","42","Berlin","Student"
"Jonas","Becker","jonas.becker421@example.com","40","Hamburg","Softwareentwickler"
"Sophie","Hoffmann","sophie.hoffmann422@example.com","54","München","Lehrer"
"Max","Fischer","max.fischer423@example.com","18","Frankfurt","Ärztin"
"Laura","Müller","laura.mueller424@example.com","59","Berlin","Student"
"Jonas","Schulz","jonas.schulz425@example.com","35","Hamburg","Softwareentwickler"
"Sophie","Schneider","sophie.schneider426@example.com","42","München","Lehrer"
"Maximilian","Becker","maximilian.becker427@example.com","19","Frankfurt","Ärztin"
"Laura","Hoffmann","laura.hoffmann428@example.com","30","Berlin","Student"
"Jonas","Winkler","jonas.winkler429@example.com","60","Hamburg","Softwareentwickler"
"Sophie","Meyer","sophie.meyer430@example.com","26","München","Lehrer"
"Max","Mustermann","max.mustermann431@example.com","47","Berlin","Student"
"Anna","Schmidt","anna.schmidt432@example.com","32","Hamburg","Softwareentwickler"
"Michael","Müller","michael.mueller433@example.com","40","München","Lehrer"
"Sarah","Schneider","sarah.schneider434@example.com","21","Frankfurt","Ärztin"
"Max","Mustermann","max.mustermann@example.com","31","Berlin","Student"
"Anna","Schmidt","anna.schmidt@example.com","33","Hamburg","Softwareentwickler"
"Michael","Müller","michael.mueller@example.com","47","München","Lehrer"
"Sarah","Schneider","sarah.schneider@example.com","26","Frankfurt","Ärztin"
"Thomas","Fischer","thomas.fischer@example.com","44","Köln","Ingenieur"
"Laura","Weber","laura.weber@example.com","44","Dresden","Designer"
"Daniel","Wagner","daniel.wagner@example.com","29","Stuttgart","Verkäufer"
"Julia","Becker","julia.becker@example.com","55","Hannover","Anwalt"
"Christian","Schulz","christian.schulz@example.com","48","Düsseldorf","Architekt"
"Lisa","Hofmann","lisa.hofmann@example.com","47","Leipzig","Journalist"
"Kevin","Klein","kevin.klein@example.com","30","Dortmund","Künstler"
"Maria","Hartmann","maria.hartmann@example.com","27","Nürnberg","Buchhalter"
"Jan","Schmitt","jan.schmitt@example.com","19","Essen","Unternehmer"
"Sandra","Lange","sandra.lange@example.com","32","Bremen","Pilot"
"Alexander","Vogel","alexander.vogel@example.com","39","Bonn","Psychologe"
"Jennifer","Schulze","jennifer.schulze@example.com","33","Wiesbaden","Forscher"
"Markus","Koch","markus.koch@example.com","44","Mannheim","Consultant"
"Nicole","Simon","nicole.simon@example.com","36","Karlsruhe","HR Manager"
"Tobias","Lorenz","tobias.lorenz@example.com","49","Augsburg","Physiotherapeut"
"Jessica","Schuster","jessica.schuster@example.com","27","Bielefeld","Polizist"
"Andreas","Schreiber","andreas.schreiber@example.com","25","Freiburg","Mechaniker"
"Vanessa","Krüger","vanessa.krueger@example.com","22","Saarbrücken","Dolmetscher"
"Sebastian","Bergmann","sebastian.bergmann@example.com","43","Magdeburg","Biologe"
"Melanie","Jäger","melanie.jaeger@example.com","26","Rostock","Tierarzt"
"Patrick","Bayer","patrick.bayer@example.com","52","Halle","Manager"
"Carina","Graf","carina.graf@example.com","22","Kiel","Fotograf"
"Martin","Sommer","martin.sommer@example.com","54","Erfurt","Sozialarbeiter"
"Nadine","Schuster","nadine.schuster@example.com","47","Mainz","Apotheker"
"Stefan","Fuchs","stefan.fuchs@example.com","20","Lübeck","Dozent"
"Sabrina","Neumann","sabrina.neumann@example.com","35","Osnabrück","Grafiker"
"Christian","Baumann","christian.baumann@example.com","57","Duisburg","Informatiker"
"Diana","Huber","diana.huber@example.com","55","Bochum","Webdesigner"
"Marcel","Lehmann","marcel.lehmann@example.com","24","Wuppertal","Unternehmensberater"
"Laura","Lutz","laura.lutz@example.com","43","Heidelberg","Schauspieler"
"Jan","Werner","jan.werner@example.com","42","Darmstadt","Physiker"
"Verena","Mayer","verena.mayer@example.com","25","Ulm","Lehrerin"
"Timo","Herrmann","timo.herrmann@example.com","20","Kassel","Logistiker"
"Lisa","Bach","lisa.bach@example.com","54","Potsdam","Geologe"
"Jens","Götz","jens.goetz@example.com","41","Bremerhaven","Gärtner"
"Katrin","Franke","katrin.franke@example.com","45","Cottbus","Chemiker"
"Philipp","Langer","philipp.langer@example.com","55","Hagen","Sozialpädagoge"
"Marina","Schwarz","marina.schwarz@example.com","57","Wolfsburg","Versicherungsvertreter"
"Fabian","Richter","fabian.richter@example.com","29","Göttingen","Zahnarzt"
"Laura","Schulz","laura.schulz@example.com","28","Reutlingen","Apothekerin"
"David","Hahn","david.hahn@example.com","19","Minden","Physiotherapeut"
"Christina","Krause","christina.krause@example.com","36","Weimar","Pflegekraft"
"Matthias","Pohl","matthias.pohl@example.com","59","Gera","Florist"
"Michelle","Scholz","michelle.scholz@example.com","32","Eisenach","Friseur"
"Johannes","Roth","johannes.roth@example.com","43","Zwickau","Bankkaufmann"
"Vanessa","Schuster","vanessa.schuster@example.com","28","Gelsenkirchen","Verwaltungsangestellte"
"Patrick","Winkler","patrick.winkler@example.com","47","Wilhelmshaven","Journalist"
"Julia","Schwarz","julia.schwarz@example.com","28","Neuss","Reiseleiterin"
"Simon","Lang","simon.lang@example.com","21","Leverkusen","Polizist"
"Laura","Schmidt","laura.schmidt@example.com","43","Gütersloh","Ingenieurin"
"Tobias","Wolf","tobias.wolf@example.com","20","Offenbach","Softwareentwickler"
"Lisa","Peters","lisa.peters@example.com","52","Speyer","Architektin"
"Kevin","Weiß","kevin.weiss@example.com","55","Dessau","Designer"
"Jennifer","Schneider","jennifer.schneider@example.com","50","Ratingen","Anwältin"
"Michael","Ludwig","michael.ludwig@example.com","43","Gießen","Künstler"
"Sabrina","Meyer","sabrina.meyer@example.com","18","Minden","Buchhalterin"
"Daniel","Keller","daniel.keller@example.com","50","Troisdorf","Pilot"
"Nicole","Huber","nicole.huber@example.com","28","Neumünster","Psychologin"
"Stefan","Schmitt","stefan.schmitt@example.com","54","Fulda","Forscher"
"Laura","Bauer","laura.bauer@example.com","41","Rosenheim","Consultant"
"Christian","Kühn","christian.kuehn@example.com","33","Deggendorf","HR Manager"
"Nadine","Wagner","nadine.wagner@example.com","45","Hof","Physiotherapeutin"
"Sebastian","Schulz","sebastian.schulz@example.com","59","Kaufbeuren","Manager"
"Melanie","Schwarz","melanie.schwarz@example.com","41","Rüsselsheim","Fotografin"
"Jan","Herrmann","jan.herrmann@example.com","60","Frankenthal","Sozialarbeiter"
"Julia","Werner","julia.werner@example.com","19","Landshut","Apothekerin"
"Andreas","Bergmann","andreas.bergmann@example.com","56","Böblingen","Dozent"
"Vanessa","Winkler","vanessa.winkler@example.com","53","Esslingen","Grafikerin"
"Marcel","Becker","marcel.becker@example.com","50","Willich","Informatiker"
"Laura","Sauer","laura.sauer@example.com","52","Albstadt","Webdesignerin"
"Alexander","Krause","alexander.krause@example.com","32","Schorndorf","Unternehmensberater"
"Christina","Bauer","christina.bauer@example.com","22","Herford","Schauspielerin"
"Matthias","Keller","matthias.keller@example.com","47","Bad Oeynhausen","Physiker"
"Michelle","Hofmann","michelle.hofmann@example.com","55","Friedberg","Lehrerin"
"Johannes","Pohl","johannes.pohl@example.com","58","Emden","Logistiker"
"Vanessa","Schneider","vanessa.schneider@example.com","47","Neubrandenburg","Geologin"
"Patrick","Schuster","patrick.schuster@example.com","28","Weiden","Gärtner"
"Julia","Wolff","julia.wolff@example.com","45","Goslar","Chemikerin"
"Simon","Lange","simon.lange@example.com","45","Lörrach","Sozialpädagoge"
"Laura","Mayer","laura.mayer@example.com","43","Rastatt","Versicherungsvertreterin"
"Tobias","Fuchs","tobias.fuchs@example.com","57","Rheda-Wiedenbrück","Zahnarzt"
"Lisa","Schubert","lisa.schubert@example.com","19","Bad Salzuflen","Apothekerin"
"Kevin","Kraus","kevin.kraus@example.com","49","Peine","Physiotherapeut"
"Jennifer","Kuhn","jennifer.kuhn@example.com","57","Nordhorn","Managerin"
"Michael","Werner","michael.werner@example.com","20","Melle","Fotografin"
"Sabrina","Peters","sabrina.peters@example.com","21","Singen","Sozialarbeiterin"
"Daniel","Schulz","daniel.schulz@example.com","58","Stendal","Apotheker"
"Nicole","Möller","nicole.moeller@example.com","19","Wesel","Dozentin"
"Stefan","Lehmann","stefan.lehmann@example.com","31","Rheine","Grafiker"
"Laura","Schröder","laura.schroeder@example.com","26","Ahlen","Informatikerin"
"Christian","Herrmann","christian.herrmann@example.com","49","Gotha","Webdesignerin"
"Nadine","Bach","nadine.bach@example.com","35","Eisenhüttenstadt","Unternehmensberaterin"
"Sebastian","Lorenz","sebastian.lorenz@example.com","41","Löhne","HR Manager"
"Melanie","Winkler","melanie.winkler@example.com","36","Herzogenrath","Physiotherapeutin"
"Jan","Franke","jan.franke@example.com","25","Neuwied","Manager"
"Julia","Beck","julia.beck@example.com","37","Lemgo","Fotografin"
"Andreas","Schuster","andreas.schuster@example.com","44","Hückelhoven","Sozialarbeiter"
"Vanessa","Schubert","vanessa.schubert@example.com","36","Andernach","Apothekerin"
"Marcel","Schreiber","marcel.schreiber@example.com","54","Bad Hersfeld","Dozent"
"Laura","Bayer","laura.bayer@example.com","19","Mettmann","Grafikerin"
"Christian","Wolff","christian.wolff@example.com","54","Neustadt am Rübenberge","Informatiker"
"Nadine","Lange","nadine.lange@example.com","32","Starnberg","Webdesignerin"
"Sebastian","Schneider","sebastian.schneider@example.com","18","Bramsche","Unternehmensberater"
"Melanie","Müller","melanie.mueller@example.com","41","Radebeul","HR Managerin"
"Jan","Kühn","jan.kuehn@example.com","27","Helmstedt","Physiker"
"Julia","Winkler","julia.winkler@example.com","40","Kornwestheim","Managerin"
"Andreas","Mayer","andreas.mayer@example.com","36","Kreuztal","Fotograf"
"Vanessa","Schulz","vanessa.schulz@example.com","42","Georgsmarienhütte","Sozialarbeiterin"
"Marcel","Wagner","marcel.wagner@example.com","33","Lohne","Apotheker"
"Laura","Krause","laura.krause@example.com","53","Neunkirchen","Dozentin"
"Christian","Richter","christian.richter@example.com","29","Rösrath","Grafiker"
"Nadine","Schulz","nadine.schulz@example.com","57","Werne","Informatikerin"
"Sebastian","Franke","sebastian.franke@example.com","55","Lemgo","Webdesigner"
"Melanie","Becker","melanie.becker@example.com","23","Heidenheim an der Brenz","Unternehmensberaterin"
"Jan","Möller","jan.moeller@example.com","19","Lübbecke","HR Manager"
"Julia","Schumacher","julia.schumacher@example.com","45","Coesfeld","Physiotherapeutin"
"Andreas","Hartmann","andreas.hartmann@example.com","44","Seevetal","Manager"
"Vanessa","Lehmann","vanessa.lehmann@example.com","39","Steinfurt","Fotografin"
"Marcel","Schuster","marcel.schuster@example.com","58","Pirmasens","Sozialarbeiter"
"Laura","Kaiser","laura.kaiser@example.com","56","Sankt Augustin","Apothekerin"
"Christian","Wagner","christian.wagner@example.com","24","Altenburg","Dozent"
"Nadine","Bayer","nadine.bayer@example.com","30","Gummersbach","Grafikerin"
"Sebastian","Koch","sebastian.koch@example.com","43","Buxtehude","Informatiker"
"Melanie","Schuster","melanie.schuster@example.com","59","Osterholz-Scharmbeck","Webdesignerin"
"Jan","Krause","jan.krause@example.com","34","Seesen","Unternehmensberater"
"Julia","Schmidt","julia.schmidt@example.com","32","St. Wendel","HR Managerin"
"Andreas","Lange","andreas.lange@example.com","51","Celle","Physiotherapeut"
"Vanessa","Werner","vanessa.werner@example.com","38","Wetzlar","Managerin"
"Marcel","Scholz","marcel.scholz@example.com","34","Zweibrücken","Fotograf"
"Laura","Pohl","laura.pohl@example.com","54","Hemer","Sozialarbeiterin"
"Christian","Beck","christian.beck@example.com","39","Heinsberg","Apotheker"
"Nadine","Bergmann","nadine.bergmann@example.com","55","Ganderkesee","Dozentin"
"Sebastian","Franz","sebastian.franz@example.com","44","Lennestadt","Grafiker"
"Melanie","Lutz","melanie.lutz@example.com","41","Neustadt in Holstein","Informatikerin"
"Jan","Schreiber","jan.schreiber@example.com","58","Herdecke","Webdesigner"
"Julia","Fuchs","julia.fuchs@example.com","22","Aalen","Unternehmensberaterin"
"Andreas","Schwarz","andreas.schwarz@example.com","48","Roth","HR Manager"
"Vanessa","Huber","vanessa.huber@example.com","60","Hockenheim","Physiotherapeutin"
"Marcel","Lorenz","marcel.lorenz@example.com","33","Haßloch","Manager"
"Laura","Schreiber","laura.schreiber@example.com","38","Pfaffenhofen an der Ilm","Fotografin"
"Christian","König","christian.koenig@example.com","44","Weil am Rhein","Informatiker"
"Nadine","Koch","nadine.koch@example.com","37","Radevormwald","Webdesignerin"
"Sebastian","Schmitt","sebastian.schmitt@example.com","40","Bad Salzungen","Unternehmensberater"
"Melanie","Richter","melanie.richter@example.com","33","Salzwedel","HR Managerin"
"Jan","Schuster","jan.schuster@example.com","50","Niesky","Physiotherapeut"
"Julia","Mayer","julia.mayer@example.com","34","Marktoberdorf","Managerin"
"Andreas","Lehmann","andreas.lehmann@example.com","40","Miesbach","Fotograf"
"Vanessa","Becker","vanessa.becker@example.com","28","Weilheim in Oberbayern","Sozialarbeiterin"
"Marcel","Krause","marcel.krause@example.com","44","Baunatal","Apotheker"
"Laura","Herrmann","laura.herrmann@example.com","38","Hennigsdorf","Dozentin"
"Christian","Fischer","christian.fischer@example.com","28","Vechta","Grafiker"
"Nadine","Hartmann","nadine.hartmann@example.com","29","Bad Dürkheim","Informatikerin"
"Sebastian","Kuhn","sebastian.kuhn@example.com","30","Wangen im Allgäu","Webdesigner"
"Melanie","Pohl","melanie.pohl@example.com","56","Geislingen an der Steige","Unternehmensberaterin"
"Jan","Wolff","jan.wolff@example.com","57","Bad Neustadt an der Saale","HR Manager"
"Julia","Schuster","julia.schuster@example.com","59","Bühl","Physiotherapeutin"
"Max","Müller","max.mueller1@example.com","32","Berlin","Student"
"Anna","Schulz","anna.schulz2@example.com","44","Hamburg","Softwareentwickler"
"Michael","Schneider","michael.schneider3@example.com","48","München","Lehrer"
"Sarah","Fischer","sarah.fischer4@example.com","59","Frankfurt","Ärztin"
"David","Weber","david.weber5@example.com","35","Berlin","Student"
"Laura","Wagner","laura.wagner6@example.com","57","Hamburg","Softwareentwickler"
"Andreas","Schmidt","andreas.schmidt7@example.com","37","München","Lehrer"
"Julia","Becker","julia.becker8@example.com","23","Frankfurt","Ärztin"
"Felix","Hoffmann","felix.hoffmann9@example.com","39","Berlin","Student"
"Sophie","Koch","sophie.koch10@example.com","59","Hamburg","Softwareentwickler"
"Jonas","Schäfer","jonas.schaefer11@example.com","34","München","Lehrer"
"Lea","Herrmann","lea.herrmann12@example.com","59","Frankfurt","Ärztin"
"Maximilian","Kaiser","maximilian.kaiser13@example.com","49","Berlin","Student"
"Hannah","Schmitt","hannah.schmitt14@example.com","54","Hamburg","Softwareentwickler"
"Tom","Fuchs","tom.fuchs15@example.com","34","München","Lehrer"
"Julia","Krause","julia.krause16@example.com","41","Frankfurt","Ärztin"
"Ben","Bauer","ben.bauer17@example.com","57","Berlin","Student"
"Emma","Hofmann","emma.hofmann18@example.com","27","Hamburg","Softwareentwickler"
"Paul","Schröder","paul.schroeder19@example.com","44","München","Lehrer"
"Lena","Meier","lena.meier20@example.com","19","Frankfurt","Ärztin"
"Tim","Lehmann","tim.lehmann21@example.com","53","Berlin","Student"
"Lisa","Köhler","lisa.koehler22@example.com","56","Hamburg","Softwareentwickler"
"Nico","Werner","nico.werner23@example.com","46","München","Lehrer"
"Jana","Schubert","jana.schubert24@example.com","48","Frankfurt","Ärztin"
"Philipp","Neumann","philipp.neumann25@example.com","52","Berlin","Student"
"Laura","Schwarz","laura.schwarz26@example.com","36","Hamburg","Softwareentwickler"
"Christian","Zimmermann","christian.zimmermann27@example.com","59","München","Lehrer"
"Mia","Krüger","mia.krueger28@example.com","57","Frankfurt","Ärztin"
"Moritz","Herr","moritz.herr29@example.com","24","Berlin","Student"
"Sophia","Lange","sophia.lange30@example.com","35","Hamburg","Softwareentwickler"
"Dominik","Götz","dominik.goetz31@example.com","44","München","Lehrer"
"Vanessa","Voigt","vanessa.voigt32@example.com","44","Frankfurt","Ärztin"
"Julian","Schmitt","julian.schmitt33@example.com","23","Berlin","Student"
"Lara","Berger","lara.berger34@example.com","49","Hamburg","Softwareentwickler"
"Tobias","Haas","tobias.haas35@example.com","31","München","Lehrer"
"Sara","Kraft","sara.kraft36@example.com","54","Frankfurt","Ärztin"
"Kevin","Walter","kevin.walter37@example.com","58","Berlin","Student"
"Melanie","Bach","melanie.bach38@example.com","30","Hamburg","Softwareentwickler"
"Jan","Richter","jan.richter39@example.com","29","München","Lehrer"
"Carina","Kaiser","carina.kaiser40@example.com","35","Frankfurt","Ärztin"
"Daniel","Bergmann","daniel.bergmann41@example.com","59","Berlin","Student"
"Carolin","Böhm","carolin.boehm42@example.com","57","Hamburg","Softwareentwickler"
"Sebastian","Schröder","sebastian.schroeder43@example.com","52","München","Lehrer"
"Laura","Winter","laura.winter44@example.com","50","Frankfurt","Ärztin"
"Christopher","Mayer","christopher.mayer45@example.com","48","Berlin","Student"
"Maria","Berg","maria.berg46@example.com","41","Hamburg","Softwareentwickler"
"Markus","Wenzel","markus.wenzel47@example.com","41","München","Lehrer"
"Katharina","Sommer","katharina.sommer48@example.com","59","Frankfurt","Ärztin"
"Marcel","Lang","marcel.lang49@example.com","48","Berlin","Student"
"Jenny","Jung","jenny.jung50@example.com","42","Hamburg","Softwareentwickler"
"Patrick","Hartmann","patrick.hartmann51@example.com","46","München","Lehrer"
"Laura","Schubert","laura.schubert52@example.com","44","Frankfurt","Ärztin"
"Michael","Simon","michael.simon53@example.com","49","Berlin","Student"
"Sophie","Berndt","sophie.berndt54@example.com","31","Hamburg","Softwareentwickler"
"Alexander","Schuster","alexander.schuster55@example.com","34","München","Lehrer"
"Laura","Kraus","laura.kraus56@example.com","22","Frankfurt","Ärztin"
"Philipp","Schmidt","philipp.schmidt57@example.com","28","Berlin","Student"
"Mia","Martin","mia.martin58@example.com","36","Hamburg","Softwareentwickler"
"Simon","Beck","simon.beck59@example.com","32","München","Lehrer"
"Julia","Kühn","julia.kuehn60@example.com","49","Frankfurt","Ärztin"
